Candidate,Entry,Experimental,Entry
AAAS,Q9NRG9,ABCC8,Q09428
AANAT,Q16613,ADAMTS9,Q9P2N4
ABCA1,O95477,ADCY5,O95622
ABCA4,P78363,ADIPOQ,Q15848
ABCB1,P08183,AKT2,P31751
ABCB10,Q9NRK6,AP3S2,P59780
ABCB6,Q9NP58,ATF3,P18847
ABCB9,Q9NP78,ATP2A2,P16615
ABCC11,Q96J66,ATP2A3,Q93084
ABCC2,Q92887,AUTS2,Q8WXX7
ABCC5,O15440,BCL2,P10415
ABCC8,Q09428,BCL2L1,Q07817
ABCG1,P45844,BCL2L11,O43521
ABCG2,Q9UNQ0,BHMT,Q93088
ABCG5,Q9H222,BRAF,P15056
ABCG8,Q9H221,C2CD4A,Q8NCU7
ABHD6,Q9BV23,C2CD4B,A6NLJ0
ABI3BP,Q7Z7G0,C3,P01024
ABO,P16442,CAPN10,Q9HC96
ACAA1,P09110,CASP3,P42574
ACACA,Q13085,CASP8,Q14790
ACACB,O00763,CAT,P04040
ACAD10,Q6JQN1,CAT,Q6IB77
ACAD8,Q9UKU7,CBS,P35520
ACAT1,P24752,CCDC92,Q53HC0
ACD,Q96AP0,CCND2,P30279
ACE,P12821,CDKAL1,Q5VV42
ACE2,Q9BYF1,CDO1,Q16878
ACHE,P22303,CISD2,Q8N5K1
ACKR3,P25106,CMIP,Q8IY22
ACLY,P53396,CPT1A,P50416
ACOT2,P49753,CYBA,P13498
ACOT7,O00154,CYP1A2,P05177
ACP1,P24666,DGKD,Q16760
ACR,P10323,ECE1,P42892
ACSL1,P33121,EDN1,P05305
ACTB,P60709,EDNRA,P25101
ACTBL2,Q562R1,EDNRB,P24530
ACTG1,P63261,EGFR,P00533
ACTG2,P63267,ENPP1,P22413
ACVR1C,Q8NER5,EPC2,Q52LR7
ACVR2B,Q13705,ETS1,P14921
ADA,P00813,FAM234A,Q9H0X4
ADA2,Q9NZK5,FAS,P25445
ADAM11,O75078,FAS,P49327
ADAM17,P78536,FGF21,Q9NSA1
ADAM19,Q9H013,FTO,Q9C0B1
ADAM28,Q9UKQ2,GCG,P01275
ADAMTS13,Q76LX8,GCGR,P47871
ADAMTS2,O95450,GCK,P35557
ADAMTS9,Q9P2N4,GCK,Q12851
ADARB1,P78563,GCKR,Q14397
ADCY3,O60266,GLIS3,Q8NEA6
ADCY5,O95622,GLP1R,P43220
ADCYAP1,P18509,GNB3,P16520
ADD1,P35611,GP2,P55259
ADGRG1,Q9Y653,GPD2,P43304
ADGRL3,Q9HAR2,GPX1,P07203
ADH1B,P00325,GRB14,Q14449
ADH1C,P00326,GSTM1,P09488
ADIPOQ,Q15848,HHEX,Q03014
ADIPOR1,Q96A54,HK1,P19367
ADIPOR2,Q86V24,HLA-DRB5,Q30154
ADM,P35318,HMG20A,Q9NP66
ADM2,Q7Z4H4,HMGA1,P17096
ADORA1,P30542,HMOX1,P09601
ADORA2B,P29275,HNF1A,P20823
ADORA3,P0DMS8,HNF1B,P35680
ADRA1A,P25100,HNF4A,P41235
ADRA1A,P35348,HP,P00738
ADRA2A,P08913,HPX,P02790
ADRA2B,P18089,IAPP,P10997
ADRB2,P07550,ICAM1,P05362
ADRB3,P13945,ID1,P41134
AFM,P43652,IGF2BP2,Q9Y6M1
AFP,P02771,IL13RA1,P78552
AGBL5,Q8NDL9,INPPL1,O15357
AGER,Q15109,INS,P01308
AGMO,Q6ZNB7,INSR,P06213
AGPAT1,Q99943,IRS1,P35568
AGRP,O00253,IRS2,Q9Y4H2
AGT,P01019,ITGA1,P56199
AGTR1,P30556,ITLN1,Q8WWA0
AGTR2,P50052,JADE2,Q9NQC1
AGXT2,Q9BYV1,JAZF1,Q86VZ6
AHI1,Q8N157,KCNJ11,Q14654
AHR,P35869,KCNK16,Q96T55
AHSA1,O95433,KCNQ1,P51787
AHSG,P02765,KCNU1,A8MYU2
AIF1,P55008,KL,Q9UEF7
AIM2,O14862,KLF14,Q3SY56
AIMP2,Q13155,KLF14,Q8TD94
AK1,P00568,KSR2,Q6VAB6
AKAP13,Q12802,"CNKSR2,KSR2",Q8WXI2
AKAP6,Q13023,LEP,P41159
AKNAD1,Q5T1N1,LEPR,O15243
AKR1A1,P14550,LEPR,P48357
AKR1B1,P15121,LIPC,P11150
AKR1C2,P52895,MAEA,Q7L5Y9
AKT1,P31749,MAPK8IP1,Q9UQF2
AKT2,P31751,MAT1A,Q00266
AKT3,Q9Y243,MIR17HG,Q75NE6
AKTIP,Q9H8T0,MOK,Q9UQ07
ALAS1,P13196,MRAS,O14807
ALB,P02768,MTNR1B,P49286
ALB,Q8TES7,NEUROD1,Q13562
ALCAM,Q13740,NFATC2,Q13469
ALDH1A2,O94788,NFKB1,P19838
ALDH2,P05091,NKX6-1,P78426
ALDH3B1,P43353,NOS2,P35228
ALDH6A1,Q02252,NOS2,P60321
ALDH7A1,P49419,NOS3,P29474
ALDOB,P05062,NOS3,P60323
ALG1,Q9BT22,NOTCH2,Q04721
ALK,Q9UM73,NUS1,Q96E22
ALMS1,Q8TCU4,OGG1,O15527
ALOX12,P18054,PAM,O75592
ALOX15,P16050,PAM,P19021
ALOX5,P09917,PAX4,O43316
ALOX5AP,P20292,PAX6,P26367
ALPK1,Q96QP1,PCSK2,P16519
ALPL,P05186,PDX1,O00330
ALPP,P05187,PDX1,P52945
ALX4,Q9H161,PEPD,P12955
AMACR,Q9UHK6,PLEKHA1,Q9HB21
AMD1,P17707,PPARA,Q07869
AMPD1,P23109,PPARG,P37231
AMY1A,P0DUB6,PPARGC1A,Q9UBK2
AMY1B,P0DTE7,PPP1R3A,Q16821
AMY1C,P0DTE8,PRKCB,P05771
AMY2A,P04746,PROX1,Q92786
ANGPT1,Q15389,PSMD6,Q15008
ANGPT2,O15123,PTPN1,P18031
ANGPTL2,Q9UKU9,RELA,Q04206
ANGPTL3,Q9Y5C1,RETN,Q9HD89
ANGPTL4,Q9BY76,RNF6,Q9Y252
ANGPTL5,Q86XS5,S100A6,P06703
ANGPTL6,Q8NI99,SCTR,P47872
ANGPTL8,Q6UXH0,SFRP4,Q6FHJ7
ANK1,P16157,SHBG,P04278
ANK2,Q01484,SIRT1,Q96EB6
ANKFY1,Q9P2R3,SLC1A2,P43004
ANKH,Q9HCJ1,SLC22A3,O75751
ANKK1,Q8NFD2,SLC2A1,P11166
ANKRD23,Q86SG2,SLC2A2,P11168
ANKRD55,Q3KP44,SLC2A4,P14672
ANPEP,P15144,SLC30A8,Q8IWU4
ANXA1,P04083,SMAD5,Q99717
ANXA5,P08758,SNAP25,P60880
ANXA6,P08133,SOD1,P00441
AOC2,O75106,SOD2,P04179
AOC3,Q16853,ST6GAL1,P15907
AP3S1,Q92572,TBC1D4,O60343
AP3S2,P59780,TCF7L2,Q9NQB0
APCS,P02743,TGFB1,P01137
API5,Q9BZZ5,THADA,Q6YHU6
APLN,Q9ULZ1,TIMP1,P01033
APLNR,P35414,TMEM155,Q4W5P6
APOA1,P02647,TMEM18,Q96B42
APOA2,P02652,TNF,P01375
APOA4,P06727,TNFRSF1A,P19438
APOA5,Q6Q788,TNFRSF1B,P20333
APOB,P04114,UBE2E2,Q96LR5
APOC2,P02655,UCP2,P55851
APOC3,P02656,USP48,Q86UV5
APOC4,P55056,VPS26A,O75436
APOD,P05090,WFS1,O76024
APOE,P02649,ZC3HC1,Q86WB0
APOH,P02749,ZFAND3,Q9H8U3
APOL1,O14791,ZNF257,Q9Y2Q1
APOM,O95445,,
APP,P05067,,
APPL1,Q9UKG1,,
APPL2,Q06481,,
APPL2,Q8NEU8,,
APRT,P07741,,
AQP11,Q8NBQ7,,
AQP2,P41181,,
AQP5,P55064,,
"AQP7,AQP9",O14520,,
AQP9,O43315,,
AQR,O60306,,
AR,P10275,,
ARAP1,Q96P48,,
ARC,Q7LC44,,
ARG1,P05089,,
ARHGAP15,Q53QZ3,,
ARHGAP22,Q7Z5H3,,
ARHGEF11,O15085,,
ARHGEF12,Q9NZN5,,
ARHGEF18,Q6ZSZ5,,
ARID1B,Q8NFD5,,
ARID2,Q68CP9,,
ARID3A,Q99856,,
ARID4B,Q4LE39,,
ARID5B,Q14865,,
ARIH1,Q9Y4X5,,
ARL15,Q9NXU5,,
ARL2BP,Q9Y2Y0,,
ARL3,P36405,,
ARL6,Q9H0F7,,
ARL9,Q6T311,,
ARNT,P27540,,
ARNTL,O00327,,
ARNTL2,Q8WYA1,,
ARR3,P36575,,
ARRB2,P32121,,
ARSA,O43681,,
ARSA,P15289,,
ARSL,P51690,,
ARX,Q96QS3,,
ASAH2,Q9NR71,,
ASB3,Q9Y575,,
ASCC2,Q9H1I8,,
ASCL2,Q99929,,
ASIP,P42127,,
ASRGL1,Q7L266,,
ATF3,P18847,,
ATF6,P18850,,
ATF7IP,Q6VMQ6,,
ATG5,Q9H1Y0,,
ATG7,O95352,,
ATIC,P31939,,
ATM,Q13315,,
ATN1,P54259,,
ATP10A,O60312,,
ATP12A,P54707,,
ATP2A1,O14983,,
ATP2A2,P16615,,
ATP2A3,Q93084,,
ATP2B1,P20020,,
ATP4A,P20648,,
ATP5F1B,P06576,,
ATP5MC1,P05496,,
ATP5PF,P18859,,
ATP5PO,P48047,,
ATP6AP2,O75787,,
ATP6V1H,Q9UI12,,
ATP7A,Q04656,,
ATP8,P03928,,
ATP8A1,Q9Y2Q0,,
ATP8B2,P98198,,
ATRNL1,Q5VV63,,
ATXN1,P54253,,
ATXN2,Q99700,,
ATXN7,O15265,,
AUTS2,Q8WXX7,,
AVP,P01185,,
AVPR2,P30518,,
AZGP1,P25311,,
AZU1,P20160,,
B2M,P61769,,
BACE1,P56817,,
BACE2,Q9Y5Z0,,
BACH2,Q9BYV9,,
BAD,Q92934,,
BANF1,O75531,,
BAX,Q07812,,
BAZ1B,Q9UIG0,,
BBS10,Q8TAM1,,
BBS2,Q9BXC9,,
BCAR1,P56945,,
BCAT1,P54687,,
BCHE,P06276,,
BCL11A,Q9H165,,
BCL2,P10415,,
BCL2A1,Q16548,,
BCL2L1,Q07817,,
BCL2L11,O43521,,
BCL9,O00512,,
BCR,P11274,,
BCS1L,Q9Y276,,
BDNF,P23560,,
BEAN1,Q3B7T3,,
BECN1,Q14457,,
BEST1,O76090,,
BEST3,Q8N1M1,,
BFAR,Q9NZS9,,
BGLAP,P02818,,
BGN,P21810,,
BHMT,Q93088,,
BICC1,Q9H694,,
BID,P55957,,
BIN1,O00499,,
BIRC2,Q13490,,
BIRC3,Q13489,,
BIRC8,Q96P09,,
BLK,P51451,,
BLM,P54132,,
BLVRA,P53004,,
BMI1,P35226,,
BMP2,P12643,,
BMP4,P12644,,
BMP6,P22004,,
BMP7,P18075,,
BMS1,Q14692,,
BNC2,Q6ZN30,,
BNIP3,Q12983,,
BOP,Q7L3V2,,
BPI,P17213,,
BPIFA1,Q9NP55,,
BPIFA4P,Q86YQ2,,
BRAF,P15056,,
BRAP,Q6UWU4,,
BRAP,Q7Z569,,
BRCA1,P38398,,
BRCA2,P51587,,
BRD2,P25440,,
BRD4,O60885,,
BRD9,Q9H8M2,,
BRINP1,O60477,,
BRINP3,Q76B58,,
BRS3,P32247,,
BSCL2,Q96G97,,
BSG,P35613,,
BTC,P35070,,
BTN2A1,Q7KYR7,,
C16orf74,Q96GX8,,
C17orf58,Q2M2W7,,
C1GALT1,Q9NS00,,
C1QL3,Q5VWW1,,
C1QTNF1,Q9BXJ1,,
C1QTNF12,Q5T7M4,,
C1QTNF3,Q9BXJ4,,
C1QTNF5,Q9BXJ0,,
C1QTNF9,P0C862,,
C2CD4A,Q8NCU7,,
C2CD4B,A6NLJ0,,
C3,P01024,,
C4A,P0C0L4,,
"C4B,C4B_2",P0C0L5,,
C5,P01031,,
C5AR2,Q9P296,,
C5orf67,F2Z3F1,,
C7orf50,Q9BRJ6,,
C8orf37,Q96NL8,,
CA10,Q9NS85,,
CA2,P00918,,
CA4,P22748,,
CA5A,P35218,,
CACNA1C,Q13936,,
CACNA1D,Q01668,,
CACNA1E,Q15878,,
CACNB3,P54284,,
CAD,O76075,,
CAD,P27708,,
CAD,Q05682,,
CADM2,Q8N3J6,,
CALCA,P01258,,
CALCA,P06881,,
CALCOCO2,Q13137,,
CALCR,P30988,,
CALM1,P0DP23,,
CALR,P27797,,
CAMK1D,Q8IU85,,
CAMK2A,Q9UQM7,,
CAMK2G,Q13555,,
CAMK2N1,Q7Z7J9,,
CAMKK2,Q96RR4,,
CAMP,P49913,,
CAMP,Q96JM3,,
CAMTA1,Q9Y6Y1,,
CAND2,O75155,,
CAP1,Q01518,,
CAPN1,P07384,,
CAPN10,Q9HC96,,
CAPN2,P17655,,
CAPN3,P20807,,
CAPN5,O15484,,
CAPN9,O14815,,
CARD8,Q9Y2G2,,
CARM1,Q86X55,,
CARTPT,Q16568,,
CASC2,Q6XLA1,,
CASC2,Q8IU53,,
CASP1,P29466,,
CASP12,Q6UXS9,,
CASP3,P42574,,
CASP7,P55210,,
CASP8,Q14790,,
CASQ1,P31415,,
CASR,P41180,,
CASZ1,Q86V15,,
CAT,P04040,,
CAT,Q6IB77,,
CAV1,Q03135,,
CAV2,P51636,,
CAV3,P56539,,
CBLIF,P27352,,
CBLL2,Q8N7E2,,
CBR1,P16152,,
CBR3,O75828,,
CBS,P35520,,
CCAR2,Q8N163,,
CCDC149,Q6ZUS6,,
CCDC92,Q53HC0,,
CCHCR1,Q8TD31,,
CCK,P06307,,
CCKAR,P32238,,
CCKBR,P32239,,
CCL11,P51671,,
CCL16,O15467,,
CCL2,P13500,,
CCL20,P78556,,
CCL22,O00626,,
CCL27,Q9Y4X3,,
CCL28,Q9NRJ3,,
CCL3,P10147,,
CCL4,P13236,,
CCL5,P13501,,
CCL7,P80098,,
CCL8,P80075,,
CCN2,P29279,,
CCN3,P48745,,
CCN4,O95388,,
CCND2,P30279,,
CCND3,P30281,,
CCNL1,P49736,,
CCNL1,Q9UK58,,
CCNQ,Q8N1B3,,
CCR1,P32246,,
CCR2,P41597,,
CCR5,P51681,,
CCRL2,O00421,,
CD14,P08571,,
CD163,Q86VB7,,
CD226,Q15762,,
CD247,P20963,,
CD274,Q9NZQ7,,
CD2AP,Q9Y5K6,,
CD300C,Q08708,,
CD300LG,Q6UXG3,,
CD33,P20138,,
CD34,P28906,,
CD36,P16671,,
CD38,P28907,,
CD4,P01730,,
CD40LG,P29965,,
CD44,P16070,,
CD48,P09326,,
CD59,P13987,,
CD5L,O43866,,
CD68,P34810,,
CD81,P60033,,
CD86,P42081,,
CDC123,O75794,,
CDC42,P60953,,
CDH13,P55290,,
CDH2,P19022,,
CDHR1,Q96JP9,,
CDK11A,Q9UQ88,,
CDK2,P24941,,
CDK4,P11802,,
CDK5,Q00535,,
CDK6,Q00534,,
CDK9,P50750,,
CDKAL1,Q5VV42,,
CDKN1A,P38936,,
CDKN1B,P46527,,
CDKN1C,P49918,,
CDKN2A,P42771,,
CDKN2A,Q8N726,,
CDKN2B,P42772,,
CDKN3,Q00526,,
CDKN3,Q16667,,
CDO1,Q16878,,
CDX2,Q99626,,
CEACAM3,P40198,,
CEACAM5,P06731,,
CEACAM7,Q14002,,
CEBPA,P49715,,
CEBPB,P17676,,
CEL,P19835,,
CELA1,Q9UNI1,,
CELA3A,P09093,,
CELF4,Q9BZC1,,
CELSR1,Q9NYQ6,,
CELSR2,Q9HCU4,,
CENPA,P49450,,
CENPX,A8MT69,,
CEP55,Q53EZ4,,
CEP68,Q76N32,,
CEP68,Q9NQ79,,
CERKL,Q49MI3,,
CERS6,Q6ZMG9,,
CES1,P23141,,
CETP,P11597,,
CFAP77,Q6ZQR2,,
CFAP97,Q9P2B7,,
CFB,P00751,,
CFD,P00746,,
CFH,P08603,,
CFHR2,P36980,,
CFTR,P13569,,
CGA,P01215,,
"CGB3,CGB8",P0DN86,,
CHCHD2P9,Q5T1J5,,
CHCHD6,Q9BRQ6,,
CHD8,Q9HCK8,,
CHDH,Q8NE62,,
CHEK2,O96017,,
CHGA,P10645,,
CHI3L1,P36222,,
CHIT1,Q13231,,
CHM,P24386,,
CHMP4B,Q9H444,,
CHN2,P52757,,
CHPT1,Q8WUD6,,
CHRM3,P20309,,
CHRNA4,P43681,,
CHRNB4,P30926,,
CHST3,Q7LGC8,,
CHUK,O15111,,
CIB1,Q99828,,
CIDEA,O60543,,
CIDEC,Q96AQ7,,
CILP2,Q8IUL8,,
CISD1,Q9NZ45,,
CISD2,Q8N5K1,,
CISD3,P0C7P0,,
CISH,Q9NSE2,,
CITED2,Q99967,,
CKB,P12277,,
CKM,P06732,,
CLCN2,P51788,,
CLCN3,P51790,,
CLCN5,P51795,,
CLCNKB,P51801,,
CLDN19,Q8N6F1,,
CLIP1,P30622,,
CLIP2,Q9UDT6,,
CLK2,P49760,,
CLN8,Q9UBY8,,
CLOCK,O15516,,
CLPS,P04118,,
CLRN1,P58418,,
CLU,P10909,,
CMA1,P23946,,
CMIP,Q8IY22,,
CMKLR1,Q99788,,
CNBP,P62633,,
CNDP1,Q96KN2,,
CNDP2,Q96KP4,,
CNGA1,P29973,,
CNGB1,Q14028,,
CNNM1,Q9NRU3,,
CNR1,P21554,,
CNR2,P34972,,
CNTF,P26441,,
CNTLN,Q9NXG0,,
COASY,Q13057,,
COBL,O75128,,
COBLL1,Q53SF7,,
COG2,Q14746,,
COL17A1,Q9UMD9,,
COL18A1,P39060,,
COL1A1,P02452,,
COL2A1,P02458,,
COL3A1,P02461,,
COL4A2,P08572,,
COL4A5,P29400,,
COL6A3,P12111,,
COL8A1,P27658,,
COL9A1,P20849,,
COL9A2,Q14055,,
COL9A3,Q14050,,
COLEC12,Q5KU26,,
COMP,P49747,,
COMT,P21964,,
COPA,P53621,,
COPD,P48444,,
CORT,O00230,,
COX1,P23219,,
COX10,Q12887,,
COX2,P00403,,
COX4I1,P13073,,
COX5B,P10606,,
COX7A1,P24310,,
COX8A,P10176,,
CP,P00450,,
CPA1,P15085,,
CPA6,Q8N4T0,,
CPB2,Q96IY4,,
CPE,P16870,,
CPEB3,Q8NE35,,
CPED1,A4D0V7,,
CPLX1,O14810,,
CPT1A,P50416,,
CPT1B,Q92523,,
CPT2,P23786,,
CRABP2,P29373,,
CRB1,P82279,,
CREB1,P16220,,
CREBBP,Q92793,,
CREBRF,Q8IUR6,,
CREM,Q03060,,
CRHR1,P34998,,
CRISP2,P16562,,
CRISPLD2,Q9H0B8,,
CRK,P46108,,
CRMP1,Q14194,,
CRP,P02741,,
CRTC1,Q6UUV9,,
CRTC2,Q53ET0,,
CRX,O43186,,
CRY2,Q49AN0,,
CRYZ,Q08257,,
CS,O75390,,
CSAD,Q9Y600,,
CSF2,P04141,,
CSF3,P09919,,
CSHL1,Q14406,,
CST2,P09228,,
CST3,P01034,,
CST7,O76096,,
CTBP1,Q13363,,
CTCF,P49711,,
CTF1,Q16619,,
CTLA4,P16410,,
CTNNA3,Q9UI47,,
CTNNB1,P35222,,
CTRB1,P17538,,
CTRL,P40313,,
CTSC,P53634,,
CTSD,P07339,,
CTSH,P09668,,
CTSL,P07711,,
CTTNBP2,Q8WZ74,,
CUBN,O60494,,
CUX1,P39880,,
CUX1,Q13948,,
CX3CL1,P78423,,
CX3CR1,P49238,,
CXADR,P78310,,
CXCL10,P02778,,
CXCL12,P48061,,
CXCL14,O95715,,
CXCL16,Q9H2A7,,
CXCL5,P42830,,
CXCL8,P10145,,
CXCR1,P25024,,
CXCR3,P49682,,
CXCR4,P61073,,
CXCR6,O00574,,
CYB5A,P00167,,
CYB5D2,Q8WUJ1,,
CYB5R4,Q7L1T6,,
CYBA,P13498,,
CYBB,P04839,,
CYP11A1,P05108,,
CYP11B2,P19099,,
CYP17A1,P05093,,
CYP19A1,P11511,,
CYP1A1,P04798,,
CYP1A2,P05177,,
CYP1B1,Q16678,,
CYP21A2,P08686,,
CYP27A1,Q02318,,
CYP27B1,O15528,,
CYP2A6,P11509,,
CYP2B6,P20813,,
CYP2C18,P33260,,
CYP2C19,P33261,,
CYP2C8,P10632,,
CYP2C9,P11712,,
CYP2D6,P10635,,
CYP2E1,P05181,,
CYP2J2,P51589,,
CYP2R1,Q6VVX0,,
CYP3A4,P08684,,
CYP3A5,P20815,,
CYP46A1,Q9Y6A2,,
CYP4F3,Q08477,,
CYP4V2,Q6ZWL3,,
CYP7A1,P22680,,
CYP8B1,Q9UNU6,,
CYRIB,Q9NUQ9,,
CYTB,P00156,,
DACT1,Q9NYF0,,
DAG1,Q14118,,
DAPK2,Q9UIK4,,
DAPK3,O43293,,
DARS1,P14868,,
DARS2,Q6PI48,,
DBH,P09172,,
DBI,P07108,,
DBNL,Q9UJU6,,
DBP,Q10586,,
DCD,P81605,,
DCLRE1C,Q96SD1,,
DCN,P07585,,
DCTN4,Q9UJW0,,
DCX,O43602,,
DDAH1,O94760,,
DDAH2,O95865,,
DDIT3,P0DPQ6,,
DDIT3,P35638,,
DDT,P30046,,
DDX3X,O00571,,
DECR1,Q16698,,
DEFA1,P59665,,
DEFA3,P59666,,
DEFB1,P60022,,
"DEFB103A,DEFB103B",P81534,,
"DEFB4A,DEFB4B",O15263,,
DENR,O43583,,
DEPDC5,O75140,,
DES,P17661,,
DESI1,Q6ICB0,,
DGAT1,O75907,,
DGKB,Q9Y6T7,,
DGKD,Q16760,,
DGKZ,Q13574,,
DHCR7,Q9UBM7,,
DHDDS,Q86SQ9,,
DHDH,Q9UQ10,,
DHX38,Q92620,,
DHX40,Q8IX18,,
DIAPH2,O60879,,
DICER1,Q9UPY3,,
DIO2,Q92813,,
DIP,Q6IC98,,
DISC1,Q9NRI5,,
DKK1,O94907,,
DKK4,Q9UBT3,,
DLC1,P63167,,
DLC1,Q96QB1,,
DLC1,Q9Y238,,
DLD,P09622,,
DLEU1,O43261,,
DLEU7,Q6UYE1,,
DLK1,P80370,,
DLL1,O00548,,
DMAP1,Q9NPF5,,
DMBT1,Q9UGM3,,
DMD,P11532,,
DMP1,Q13316,,
DMP1,Q9Y222,,
DMRTA1,Q5VZB9,,
DNAJB3,Q8WWF6,,
DNAJC27,Q9NZQ0,,
DNAJC3,Q13217,,
DNASE1,P24855,,
DNER,Q8NFT8,,
DNM1L,O00429,,
DNMT1,P26358,,
DNTT,P04053,,
DOC2B,Q14184,,
DOCK4,Q8N1I0,,
DOK5,Q9P104,,
DPP4,P27487,,
DPPA3,Q6W0C5,,
DPT,Q07507,,
DPYD,Q12882,,
DPYS,Q14117,,
DQX1,Q8TE96,,
DRD2,P14416,,
DRD3,P35462,,
DSEL,Q8IZU8,,
DSPP,Q9NZW4,,
DST,Q03001,,
DUOX1,Q9NRD9,,
DUOX2,Q9NRD8,,
DUSP12,Q9UNI6,,
DUSP26,Q9BV47,,
DUSP6,Q16828,,
DUSP9,Q99956,,
DYRK1A,Q13627,,
DYRK3,O43781,,
E2F1,Q01094,,
EBI3,Q14213,,
EBP,Q15125,,
ECE1,P42892,,
ECE2,P0DPD6,,
ECSCR,Q19T08,,
EDARADD,Q8WWZ3,,
EDN1,P05305,,
EDNRA,P25101,,
EDNRB,P24530,,
EFNB2,P52799,,
EFNB3,Q15768,,
EGF,P01133,,
EGFR,P00533,,
EGR1,P18146,,
EGR2,P11161,,
EGR3,Q06889,,
EHD1,Q9H4M9,,
EHMT1,Q9H9B1,,
EHMT2,Q96KQ7,,
EIF2AK2,P19525,,
EIF2AK3,Q9NZJ5,,
EIF2AK4,Q9P2K8,,
EIF2B5,Q13144,,
EIF3F,O00303,,
EIF3K,Q9UBQ5,,
EIF4A2,Q14240,,
EIF4EBP1,Q13541,,
EIF4G1,Q04637,,
EIF5B,O60841,,
ELANE,P08246,,
ELAVL1,Q15717,,
ELAVL2,Q12926,,
ELK3,P41970,,
ELMO1,Q92556,,
ELN,P15502,,
ELOVL5,Q9NYP7,,
ELOVL6,Q9H5J4,,
ENAH,Q8N8S7,,
ENHO,Q6UWT2,,
ENO1,P06733,,
ENO2,P09104,,
ENOX1,Q8TC92,,
ENPP1,P22413,,
ENSA,O43768,,
ENTPD1,P49961,,
ENTPD3,O75355,,
EP300,Q09472,,
EPAS1,Q99814,,
EPC2,Q52LR7,,
EPHA4,P54764,,
EPHB1,P54762,,
EPHB2,P29323,,
EPHX1,P07099,,
EPHX2,P34913,,
EPO,P01588,,
EPO,P11678,,
EPOR,P19235,,
ERBB2,P04626,,
ERBB3,P21860,,
ERBB4,Q15303,,
ERFE,Q4G0M1,,
ERG,P11308,,
ERG,Q12809,,
ERO1A,Q96HE7,,
ERP44,Q9BS26,,
ERRFI1,Q9UJM3,,
ERVK-18,O42043,,
ERVK-18,P63123,,
ERVK-18,Q9QC07,,
ESM1,Q9NQ30,,
ESR1,P03372,,
ESR2,Q92731,,
ESRRA,P11474,,
ESRRB,O95718,,
ESRRG,P62508,,
ETFA,P13804,,
ETS1,P14921,,
ETV3,P41162,,
EVC,P57679,,
EXOC3L2,Q2M3D2,,
EXOC4,Q96A65,,
EXOC6,Q8TAG9,,
EXOG,Q9Y2C4,,
EXOSC4,Q9NPD3,,
EXT1,Q16394,,
EXT2,Q93063,,
EYA2,O00167,,
EYS,Q5T1H1,,
F2,P00734,,
F2R,P25116,,
F2RL1,P55085,,
F2RL2,O00254,,
F2RL3,Q96RI0,,
F3,P13726,,
F5,P12259,,
F7,P08709,,
FAAH,O00519,,
FAAH,Q7L5A8,,
FABP1,P07148,,
FABP2,P12104,,
FABP3,P05413,,
FABP4,P15090,,
FABP5,Q01469,,
FABP6,P51161,,
FADS1,O60427,,
FADS2,O95864,,
FADS3,Q9Y5Q0,,
FAF1,Q9UNN5,,
FAIM2,Q9BWQ8,,
FAM161A,Q3B820,,
FAM215A,Q9Y5M1,,
FAM234A,Q9H0X4,,
FAM3A,P98173,,
FAM3B,P58499,,
FAM3C,Q92520,,
FAM3D,Q96BQ1,,
FAM78B,Q5VT40,,
FANCD2,Q9BXW9,,
FAP,Q12884,,
FAS,P25445,,
FASLG,P48023,,
"FAS,FASN",P49327,,
FAT1,Q14517,,
FBL,P22087,,
FBLIM1,Q8WUP2,,
FBN1,P35555,,
FBN2,P35556,,
FBP1,P09467,,
FBRS,Q9HAH7,,
FBXL7,Q9UJT9,,
FBXO28,Q9NVF7,,
FBXO8,Q9NRD0,,
FBXW7,Q969H0,,
FCGR2B,P31994,,
FCGR3A,P08637,,
FCGR3B,O75015,,
FCGRT,P55899,,
FCHSD2,O94868,,
FCN3,O75636,,
FCP1,Q9Y5B0,,
FDXR,P22570,,
FEM1B,Q9UK73,,
FETUB,Q9UGM5,,
FFAR1,O14842,,
FFAR2,O15552,,
FFAR3,O14843,,
FFAR4,Q5NUL3,,
FGB,P02675,,
FGF1,P05230,,
FGF11,Q92914,,
FGF14,Q92915,,
FGF19,O95750,,
FGF2,P09038,,
FGF21,Q9NSA1,,
FGF23,Q9GZV9,,
FGFBP3,Q8TAT2,,
FGFR1,P11362,,
FGFR4,P22455,,
FGL1,Q08830,,
FGL2,Q14314,,
FHIT,P49789,,
FHL1,Q13642,,
FHL5,Q5TD97,,
FITM2,Q8N6M3,,
FKBP4,Q02790,,
FKBP5,Q13451,,
FLAD1,Q8NFF5,,
FLII,Q13045,,
FLNA,P21333,,
FLOT1,O75955,,
FLT1,P17948,,
FLVCR1,Q9Y5Y0,,
FMO3,P31513,,
FN1,P02751,,
FN3K,Q9H479,,
FNDC4,Q9H6D8,,
FNDC5,Q8NAU1,,
FOLH1,Q04609,,
FOLH1B,Q9HBA9,,
FOLR1,P15328,,
FOLR2,P14207,,
FOS,P01100,,
FOSL1,P15407,,
FOXA2,Q9Y261,,
FOXA3,P55318,,
FOXC2,Q99958,,
FOXD3,Q9UJU5,,
FOXM1,Q08050,,
FOXO1,Q12778,,
FOXO3,O43524,,
FOXO6,A8MYZ6,,
FOXP1,Q9H334,,
FOXP3,Q9BZS1,,
FRMD3,A2A2Y4,,
FRY,Q5TBA9,,
FSCN2,O14926,,
FSCN3,Q9NQT6,,
FSD1,Q9BTV5,,
FSD1L,Q9BXM9,,
FST,P19883,,
FSTL3,O95633,,
FTO,Q9C0B1,,
FUBP1,Q96AE4,,
FUT2,Q10981,,
FUT6,P51993,,
FXN,Q16595,,
FXYD5,Q96DB9,,
FZD4,Q9ULV1,,
G0S2,P27469,,
G6PC,P35575,,
G6PC2,Q9NQR9,,
G6PD,P11413,,
GABPA,Q06546,,
GABPB1,Q06547,,
GABRA4,P48169,,
GABRG2,P18507,,
GABRG3,Q99928,,
GAD1,Q99259,,
GAD2,Q05329,,
GADD45GIP1,Q8TAE8,,
GAL,P22466,,
GAL,Q8N6F7,,
GAL3ST1,Q99999,,
GALNT2,Q10471,,
GALP,Q9UBC7,,
GALR2,O43603,,
GAP43,P17677,,
GAPDH,P04406,,
GAS6,Q14393,,
GAST,P01350,,
GATA3,P23771,,
GATA4,P43694,,
GATA6,Q92908,,
GATAD2A,Q86YP4,,
GBP2,P32456,,
GC,P02774,,
GC,P04062,,
GC,P38435,,
GCA,P28676,,
GCC1,Q96CN9,,
GCG,P01275,,
GCGR,P47871,,
GCH1,P30793,,
GCK,P35557,,
GCK,Q12851,,
GCKR,Q14397,,
GCLC,P48506,,
GDAP1L1,Q96MZ0,,
GDF1,P27539,,
GDF11,O95390,,
GDF15,Q99988,,
GDF2,Q9UK05,,
GDF3,Q9NR23,,
GDNF,P39905,,
GEM,P55040,,
GFAP,P14136,,
GFER,P55789,,
GFPT1,Q06210,,
GFPT2,O94808,,
GGA3,Q9NZ52,,
GGCT,O75223,,
GGT1,P19440,,
GGT2,P36268,,
GGTLC1,Q9BX51,,
GGTLC3,B5MD39,,
GH1,P01241,,
GH2,P01242,,
GHR,P10912,,
GHRL,Q9UBU3,,
GHSR,Q92847,,
GIN1,Q9NXP7,,
GIP,P09681,,
GIPR,P48546,,
GJA1,P17302,,
GJA4,P35212,,
GJA8,P48165,,
GJD2,Q9UKL4,,
GK,P32189,,
GLA,P06280,,
GLA,Q9UHE5,,
GLB1,P16278,,
GLIS3,Q8NEA6,,
GLO1,Q04760,,
GLP1R,P43220,,
GLP2R,O95838,,
GLRX,P35754,,
GLRX5,Q86SX6,,
GLS,O94925,,
GLUL,P15104,,
GLYR1,Q49A26,,
GMCL1,Q96IK5,,
GMCL2,Q8NEA9,,
GNAO1,P09471,,
GNB3,P16520,,
GNPDA2,Q8TDQ7,,
GNPNAT1,Q96EK6,,
GOLGA6A,Q9NYA3,,
GOLGB1,Q14789,,
GOPC,Q9HD26,,
GORAB,Q5T7V8,,
GORASP1,Q9BQQ3,,
GORASP2,Q9H8Y8,,
GOT2,P00505,,
GP2,P55259,,
GP6,Q9HCN6,,
GPAT4,Q86UL3,,
GPBAR1,Q8TDU6,,
GPC4,O75487,,
GPC5,P78333,,
GPD1,P21695,,
GPD2,P43304,,
GPER1,Q99527,,
GPI,P06744,,
GPIHBP1,Q8IV16,,
GPM6A,P51674,,
GPR1,P46091,,
GPR119,Q8TDV5,,
GPR132,Q9UNW8,,
GPR142,Q7Z601,,
GPR151,Q8TDV0,,
GPR158,Q5T848,,
GPR21,Q99679,,
GPR35,Q9HC97,,
GPR39,O43194,,
GPR42,O15529,,
GPR55,Q9Y2T6,,
GPR61,Q9BZJ8,,
GPRC5B,Q9NZH0,,
GPRC6A,Q5T6X5,,
GPS2,Q13227,,
GPSM1,Q86YR5,,
GPT,P24298,,
GPT2,Q8TD30,,
GPX1,P07203,,
GPX3,P22352,,
GRAMD2B,Q96HH9,,
GRAP2,O75791,,
GRB10,Q13322,,
GRB14,Q14449,,
GRB2,P62993,,
GREM1,O60565,,
GRK2,P25098,,
GRK5,P34947,,
GRN,P28799,,
GSC,P56915,,
GSK3B,P49841,,
GSN,P06396,,
GSR,P00390,,
GSTA1,P08263,,
GSTA4,O15217,,
GSTK1,Q9Y2Q3,,
GSTM1,P09488,,
GSTP1,P09211,,
GSTT1,P30711,,
GTF2H1,P32780,,
GTF2I,P78347,,
GTF2IRD1,Q9UHL9,,
GTF3A,Q92664,,
GUCA1B,Q9UMX6,,
GYG1,P46976,,
GYS1,P13807,,
GZMB,P10144,,
H6PD,O95479,,
HACD1,B0YJ81,,
HACD3,Q9P035,,
HADH,Q16836,,
"HADH,HADHA",P40939,,
HAMP,P81172,,
HARS1,P12081,,
HAS3,O00219,,
HAVCR1,Q96D42,,
HBA2,P69905,,
HCAR2,Q8TDS4,,
HCCS,P53701,,
HCN2,Q9UL51,,
HCRT,O43612,,
HDAC3,O15379,,
HDAC4,P56524,,
HDAC7,Q8WUI4,,
"HDAC7,HDAC9",Q9UKV0,,
HDLBP,Q00341,,
HEBP1,Q9NRV9,,
HECTD4,Q9Y4D8,,
HEMGN,Q9BXL5,,
HEPH,Q9BQS7,,
HES1,A0A0B4J2D5,,
HES1,Q14469,,
HFE,Q30201,,
HGF,P14210,,
HGS,O14964,,
HGSNAT,Q68CP4,,
HHEX,Q03014,,
HHIP,Q96QV1,,
HIF1A,Q16665,,
HIPK3,Q9H422,,
HIRA,P54198,,
HIVEP2,P31629,,
HK1,P19367,,
HK2,P52789,,
HLA-A,P04439,,
HLA-DMA,P28067,,
HLA-DMB,P28068,,
HLA-DOA,P06340,,
HLA-DOB,P13765,,
HLA-DPB1,P04440,,
HLA-DQA1,P01909,,
HLA-DQA2,P01906,,
HLA-DQB1,P01920,,
HLA-DQB2,P05538,,
HLA-DRA,P01903,,
HLA-DRB1,P01911,,
HLA-DRB5,Q30154,,
HLF,Q16534,,
HMBS,P08397,,
HMG20A,Q9NP66,,
HMGA1,P17096,,
HMGA2,P52926,,
HMGB1,P09429,,
HMGCR,P04035,,
HMOX1,P09601,,
HNF1A,P20823,,
HNF1B,P35680,,
HNF4A,P41235,,
HNRNPA1,P09651,,
HNRNPF,P52597,,
HNRNPK,P61978,,
HOMER1,Q86YM7,,
HOOK2,Q96ED9,,
HORMAD1,Q86X24,,
HORMAD2,Q8N7B1,,
HOXA5,P20719,,
HP,P00738,,
HPGDS,O60760,,
HPSE,Q9Y251,,
HPX,P02790,,
HRAS,P01112,,
HRC,P23327,,
HS6ST3,Q8IZP7,,
HSD11B1,P28845,,
HSD11B2,P80365,,
HSD17B10,Q99714,,
HSD17B12,Q53GQ0,,
HSD17B13,Q7Z5P4,,
HSD17B3,P37058,,
HSD17B6,O14756,,
HSD3B1,P14060,,
HSP90AA1,P07900,,
HSP90B1,P14625,,
HSPA14,Q0VDF9,,
HSPA1A,P0DMV8,,
HSPA1B,P0DMV9,,
HSPA2,P54652,,
HSPA4,P34932,,
HSPA5,P11021,,
HSPA9,P38646,,
HSPB1,P04792,,
HSPB2,Q16082,,
HSPB3,Q12988,,
HSPB8,Q9UJY1,,
HSPD1,P10809,,
HSPG2,P98160,,
HTN1,P15515,,
HTR2A,P28223,,
HTR2B,P41595,,
HTR2C,P28335,,
HTR3B,O95264,,
HTR4,Q13639,,
HYOU1,Q9Y4L1,,
IAPP,P10997,,
IARS1,P41252,,
ICAM1,P05362,,
ICAM3,P32942,,
ICOS,Q9Y6W8,,
ICOSLG,O75144,,
ID1,P41134,,
IDE,P14735,,
IDH3A,P50213,,
IDH3B,O43837,,
IFI30,P13284,,
IFNA13,P01562,,
IFNG,P01579,,
IFNL3,Q8IZI9,,
IFT140,Q96RY7,,
IFT172,Q9UG01,,
IFT88,Q13099,,
IGF1,P05019,,
IGF1R,P08069,,
IGF2,P01344,,
IGF2-AS,Q6U949,,
IGF2BP1,Q9NZI8,,
IGF2BP2,Q9Y6M1,,
IGF2BP3,O00425,,
IGF2R,P11717,,
IGFALS,P35858,,
IGFBP1,P08833,,
IGFBP2,P18065,,
IGFBP3,P17936,,
IGFBP4,P22692,,
IGFBP5,P24593,,
IGSF21,Q96ID5,,
IK,Q13123,,
IKBKB,O14920,,
IL10,P22301,,
IL12A,P29459,,
IL12B,P29460,,
IL13,P35225,,
IL13RA1,P78552,,
IL15,P40933,,
IL15RA,Q13261,,
IL16,Q14005,,
IL17A,Q16552,,
IL17D,Q8TAD2,,
IL17REL,Q6ZVW7,,
IL18,Q14116,,
IL18R1,Q13478,,
IL1A,P01583,,
IL1B,P01584,,
IL1R1,P14778,,
IL1RN,P18510,,
IL2,P60568,,
IL20,Q9NYY1,,
"IL17B,IL20",Q9UHF5,,
IL22,Q9GZX6,,
IL23A,Q9NPF7,,
IL23R,Q5VWK5,,
IL27,Q8NEV9,,
IL2RA,P01589,,
IL3,P08700,,
IL32,P24001,,
IL33,O95760,,
IL37,Q9NZH6,,
IL4,P05112,,
IL4R,P24394,,
IL5,P05113,,
IL6,P05231,,
IL6R,P08887,,
IL6ST,P40189,,
IL7,P13232,,
ILK,Q13418,,
IMMP2L,Q96T52,,
IMPA1,P29218,,
IMPACT,Q9P2X3,,
IMPDH1,P20839,,
IMPG2,Q9BZV3,,
INHBE,P58166,,
INPPL1,O15357,,
INS,P01308,,
INSIG1,O15503,,
INS-IGF2,F8WCM5,,
INSR,P06213,,
INSRR,P14616,,
INTS8,Q75QN2,,
INTU,Q9ULD6,,
IP6K1,Q92551,,
IPO11,Q9UI26,,
IRAK1,P51617,,
IRAK4,Q9NWZ3,,
IRS1,P35568,,
IRS2,Q9Y4H2,,
IRS4,O14654,,
IRX3,P78415,,
ISG20,Q96AZ6,,
ISL1,P61371,,
ISYNA1,Q9NPH2,,
ITGA1,P56199,,
ITGA2,P17301,,
ITGA2B,P08514,,
ITGAM,P11215,,
ITGAX,P20702,,
ITGB1BP1,O14713,,
ITGB2,P05107,,
ITLN1,Q8WWA0,,
ITM2B,Q9Y287,,
IVNS1ABP,Q9Y6Y0,,
JADE2,Q9NQC1,,
JAK1,P23458,,
JAK2,O60674,,
JAZF1,Q86VZ6,,
JMJD1C,Q15652,,
JPH3,Q8WXH2,,
JRK,O75564,,
KALRN,O60229,,
KAT8,Q9H7Z6,,
KCNB1,Q14721,,
KCNC4,Q03721,,
KCND3,Q9UK17,,
KCNE2,Q9Y6J6,,
KCNIP1,Q9NZI2,,
KCNJ1,P48048,,
KCNJ10,P78508,,
KCNJ11,Q14654,,
KCNJ15,Q99712,,
KCNJ3,P48549,,
KCNJ4,P48050,,
KCNJ6,P48051,,
KCNJ9,Q92806,,
KCNK16,Q96T55,,
KCNK3,O14649,,
KCNMA1,Q12791,,
KCNMB1,Q16558,,
KCNN2,Q9H2S1,,
KCNN3,Q9UGI6,,
KCNQ1,P51787,,
KCNQ3,O43525,,
KCNU1,A8MYU2,,
KCTD1,Q719H9,,
KCTD15,Q96SI1,,
KDM1A,O60341,,
KDR,P35968,,
KEAP1,Q14145,,
KEL,P23276,,
KHDRBS1,Q07666,,
KHSRP,Q92945,,
KIAA1549,Q9HCM3,,
KIDINS220,Q9ULH0,,
KIF11,P52732,,
KIF20B,Q96Q89,,
KIF6,Q6ZMV9,,
KIF9,Q9HAQ2,,
KIFBP,Q96EK5,,
KIR2DS1,Q14954,,
KIR3DL1,P43629,,
KIR3DL2,P43630,,
KISS1,Q15726,,
KIZ,Q2M2Z5,,
KL,Q9UEF7,,
KLB,Q86Z14,,
KLF10,Q13118,,
KLF11,O14901,,
KLF14,Q8TD94,,
KLF15,Q9UIH9,,
KLF2,Q9Y5W3,,
KLF4,O43474,,
KLF5,Q13887,,
KLF7,O75840,,
KLHDC7A,Q5VTJ3,,
KLHL3,Q9UH77,,
KLHL42,Q9P2K6,,
KLHL7,Q8IXQ5,,
KLK1,P06870,,
KLK3,P03952,,
KLK3,P07288,,
KLK5,Q9Y337,,
KLRK1,P26718,,
KMT2A,Q03164,,
KMT2D,O14686,,
KNG1,P01042,,
KPNA1,P52294,,
KRT16,P08779,,
KRT18,P05783,,
KRT19,P08727,,
KRT31,Q15323,,
KRT7,P08729,,
KSR2,Q6VAB6,,
"CNKSR2,KSR2",Q8WXI2,,
L1CAM,P32004,,
L3MBTL3,Q96JM7,,
LAD1,O00515,,
LAMA1,P25391,,
LAMB3,Q13751,,
LAMC2,Q13753,,
LAMP1,P11279,,
LAMP2,P13473,,
"CENPJ,LAP",Q9HC77,,
LARGE1,O95461,,
LARP6,Q9BRS8,,
LARS1,Q9P2J5,,
LARS2,Q15031,,
LBP,P18428,,
LCN1,P31025,,
LCN2,P80188,,
LDHA,P00338,,
LDLR,P01130,,
LECT2,O14960,,
LEKR1,Q6ZMV7,,
LEP,P41159,,
LEPR,O15243,,
LEPR,P48357,,
LGALS1,P09382,,
LGALS3,P17931,,
LGR4,Q9BXB1,,
LGR5,O75473,,
LGR6,Q9HBX8,,
LIAS,O43766,,
LIF,P15018,,
LIG4,P49917,,
LILRB1,Q8NHL6,,
LIMK1,P53667,,
LIN28A,Q9H9Z2,,
LIN7C,Q9NUP9,,
LINC00271,P0C7V0,,
LINC00523,Q86TU6,,
LINC02694,Q8NAA6,,
LINC-PINT,A0A455ZAR2,,
LINGO2,Q7L985,,
LIPA,P38571,,
LIPC,P11150,,
LIPE,Q05469,,
LIPG,Q9Y5X9,,
LITAF,Q99732,,
LMNA,P02545,,
LMX1A,Q8TE12,,
LNPEP,Q9UIQ6,,
LOX,P28300,,
LOXL2,Q9Y4K0,,
LPA,P08519,,
LPAL2,Q16609,,
LPAR1,Q92633,,
LPAR2,Q9HBW0,,
LPAR3,Q9UBY5,,
LPIN1,Q14693,,
LPIN2,Q92539,,
LPL,P06858,,
LPP,Q93052,,
LRAT,O95237,,
LRFN2,Q9ULH4,,
LRG1,P02750,,
LRGUK,Q96M69,,
LRMDA,Q9H2I8,,
LRP1,Q07954,,
LRP12,Q9Y561,,
LRP1B,Q9NZR2,,
LRP2,P98164,,
LRP5,O75197,,
LRP6,O75581,,
LRPPRC,P42704,,
LSR,Q86X29,,
LTA,P01374,,
LTBR,P36941,,
LTF,P02788,,
LY75,O60449,,
LY9,Q9HBG7,,
LY96,Q9Y6Y9,,
LYPLA1,O75608,,
LYPLAL1,Q5VWZ2,,
LYZ,P61626,,
MACF1,O94854,,
MACF1,Q9UPN3,,
MADD,Q8WXG6,,
MAEA,Q7L5Y9,,
MAFA,Q8NHW3,,
MAFA,Q96E93,,
MAFB,Q9Y5Q3,,
MAFK,O60675,,
MAGEC3,Q8TD91,,
MAGEE1,Q9HCI5,,
MAGEE1,Q9UBF1,,
MAGI2,Q86UL8,,
MAK,P20794,,
MAK,Q96L96,,
MALT1,Q9UDY8,,
MAN1A1,P33908,,
MAN2A1,Q16706,,
MANF,P55145,,
MAOA,P21397,,
MAP1LC3A,Q9H492,,
MAP2K7,O14733,,
MAP3K5,Q99683,,
MAP3K8,P41279,,
MAP4K4,O95819,,
MAP4K5,Q9Y4K4,,
MAP6,Q96JE9,,
MAPK1,P28482,,
MAPK14,Q16539,,
MAPK3,P27361,,
MAPK7,Q13164,,
MAPK8,P45983,,
MAPK8IP1,Q9UQF2,,
MAPK9,P45984,,
MAPT,P10636,,
MARCHF1,Q8TCQ1,,
MARCHF8,Q5T0T0,,
MARK2,Q7KZI7,,
MARK4,Q96L34,,
MAS1,P04201,,
MASP1,P48740,,
MAT1A,Q00266,,
MAX,P61244,,
MB,P02144,,
MBL2,P11226,,
MBNL1,Q9NR56,,
MBOAT4,Q96T53,,
MBOAT7,Q96N66,,
MBP,P02686,,
MBP,P13727,,
MBTPS1,Q14703,,
MC3R,P41968,,
MC4R,P32245,,
MC5R,P33032,,
MCAT,Q8IVS2,,
MCC,P23508,,
MCIDAS,D6RGH6,,
MCM6,Q14566,,
MCTS1,Q9ULC4,,
MDM2,Q00987,,
ME1,P48163,,
MED19,A0JLT2,,
MED23,Q9ULK4,,
MED25,Q71SY5,,
MED25,Q9NWA0,,
MEF2A,Q02078,,
MEF2C,Q06413,,
MEFV,O15553,,
MEPE,Q9NQ76,,
MERTK,Q12866,,
MET,P08581,,
MET,Q9NWH9,,
METAP2,P50579,,
METRN,Q9UJH8,,
METRNL,Q641Q3,,
METTL3,Q86U44,,
METTL9,Q9H1A3,,
MFAP1,P55081,,
MFAP2,P55001,,
MFN2,O95140,,
MFRP,Q9BY79,,
MFSD9,Q8NBP5,,
MGAM,O43451,,
MGAT2,Q10469,,
MGAT4A,Q9UM21,,
MGAT4C,Q9UBM8,,
MGLL,Q99685,,
MGP,P08493,,
MGST3,O14880,,
MICA,Q29983,,
MIER1,Q8N108,,
"AMH,MIF",P03971,,
MIF,P14174,,
MINDY1,Q8N5J2,,
MIR17HG,Q75NE6,,
MIXL1,Q9H2W2,,
MKI67,P46013,,
MLKL,Q8NB16,,
MLX,Q9UH92,,
MLXIP,Q9HAP2,,
MLXIPL,Q9NP71,,
MLYCD,O95822,,
MMAB,Q96EY8,,
MME,P08473,,
MMP1,P03956,,
MMP12,P39900,,
MMP13,P45452,,
MMP14,P50281,,
MMP2,P08253,,
MMP26,Q9NRE1,,
MMP3,P08254,,
MMP7,P09237,,
MMP8,P22894,,
MMP9,P14780,,
MNX1,P50219,,
MOB2,Q70IA6,,
MOCOS,Q96EN8,,
MOG,Q16653,,
MOGAT2,Q3SYC2,,
MOK,Q9UQ07,,
MPHOSPH10,O00566,,
MPHOSPH9,Q99550,,
MPI,P34949,,
MPO,P05164,,
MPST,P25325,,
MRAS,O14807,,
MRC1,P22897,,
MRGPRX1,Q96LB2,,
MRGPRX3,Q96LB0,,
MRGPRX4,Q96LA9,,
MRPL12,P52815,,
MRPS35,P82673,,
MRPS35,Q9Y2Q9,,
MRS2,Q9HD23,,
MSC,O60682,,
MSH2,P43246,,
MSH3,P20585,,
MSH5,O43196,,
MSI2,Q96DH6,,
MSMO1,Q15800,,
MST1,P26927,,
MST1,Q13043,,
MSTN,O14793,,
MSX2,P35548,,
MT1A,P04731,,
MT1B,P07438,,
MT1E,P04732,,
MT1F,P04733,,
MT1H,P80294,,
MT1L,Q93083,,
"MT1G,MT1M",P13640,,
MT1M,Q8N339,,
MT1X,P80297,,
"CES1,MT2A",P02795,,
MTHFD1,P11586,,
MTHFR,P42898,,
MTMR3,Q13615,,
MTMR7,Q9Y216,,
MTNR1A,P48039,,
MTNR1B,P49286,,
MTOR,P42345,,
MTPN,P58546,,
MTR,Q99707,,
MTRR,Q9UBK8,,
MTSS1,O43312,,
MTTP,P55157,,
MUC1,P15941,,
MUC19,Q7Z5P9,,
MUC5B,Q9HC84,,
MUL1,Q969V5,,
MUSK,O15146,,
MUTYH,Q9UIF7,,
MXD1,Q05195,,
MYCBP,Q99417,,
MYD88,Q99836,,
MYDGF,Q969H8,,
MYF5,P13349,,
MYH6,P13533,,
MYH9,P35579,,
MYL2,P10916,,
MYLIP,Q8WY64,,
MYLK,Q15746,,
MYO5A,Q9Y4I1,,
NAGLU,P54802,,
NAMPT,P43490,,
NANS,Q9NR45,,
NAT10,Q9H0A0,,
NAT2,P11245,,
NAT2,Q6N069,,
NBAS,A2RRP1,,
NBEAL2,Q6ZNJ1,,
NCAM1,P13591,,
NCF1,P14598,,
NCOA5,Q9HCD5,,
NCOA6,Q14686,,
NCOR1,O75376,,
NCOR2,Q9Y618,,
NCR1,O76036,,
NCS1,P62166,,
ND1,P03886,,
ND4,P03905,,
ND5,P03915,,
ND6,P03923,,
NDUFA12,Q9UI09,,
NDUFAF6,Q330K2,,
NDUFS4,O43181,,
NECTIN2,Q92692,,
NEFL,P07196,,
NEGR1,Q7Z3B1,,
NEIL1,Q96FI4,,
NEIL3,Q8TAT5,,
NEK2,P51955,,
NEUROD1,Q13562,,
NEUROD4,Q9HD90,,
NEUROG3,Q9Y4Z2,,
NF2,P35240,,
NFAT5,O94916,,
NFATC1,O95644,,
NFATC2,Q13469,,
NFE2L2,Q16236,,
NFKB1,P19838,,
NFKBIA,P25963,,
NFKBIL1,Q9UBC1,,
NFKBIZ,Q9BYH8,,
NFYA,P23511,,
NFYB,P25208,,
NFYC,Q13952,,
NGF,P01138,,
NGFR,P08138,,
NHS,Q6T4R5,,
NIF3L1,Q9GZT8,,
NIPA2,Q8N8Q9,,
NISCH,Q9Y2I1,,
NKX6-1,P78426,,
NLGN1,Q8N2Q7,,
NLGN3,Q9NZ94,,
NLRP3,Q96P20,,
NLRP6,P59044,,
NLRX1,Q86UT6,,
NME1,P15531,,
NMU,P48645,,
NNMT,P40261,,
NOD1,Q9Y239,,
NOD2,Q9HC29,,
NOG,Q13253,,
"ARC,NOL3",O60936,,
NOS1,P29475,,
NOS1,Q8WY41,,
NOS1AP,O75052,,
NOS2,P35228,,
NOS2,P60321,,
NOS3,P29474,,
NOS3,P60323,,
NOTCH1,P46531,,
NOTCH2,Q04721,,
NOX4,Q9NPH5,,
NPAS4,Q8IUM7,,
NPC1,O15118,,
NPC1L1,Q9UHC9,,
NPC2,P61916,,
NPEPPS,P55786,,
NPHS1,O60500,,
NPM1,P06748,,
NPPA,P01160,,
NPPB,P16860,,
NPR1,P16066,,
NPR2,P20594,,
NPR3,P17342,,
NPRL3,Q12980,,
NPS,P0C0P6,,
NPTXR,O95502,,
NPY,P01303,,
NPY2R,P49146,,
NQO1,P15559,,
NR0B2,Q15466,,
NR1D1,P20393,,
NR1H2,P55055,,
NR1H3,Q13133,,
NR1H4,Q96RI1,,
NR1I2,O75469,,
NR1I3,Q14994,,
NR2C2,P49116,,
NR2E1,Q9Y466,,
NR2E3,Q9Y5X4,,
NR3C1,P04150,,
NR3C2,P08235,,
NR4A1,P22736,,
NR4A2,P43354,,
NR4A3,Q92570,,
"NFE2L1,NRF1",Q14494,,
NRF1,Q16656,,
NRG1,Q02297,,
NRG4,Q8WWG1,,
NRK,Q7Z2Y5,,
NRL,P54845,,
NRXN1,P58400,,
NRXN1,Q9ULB1,,
NRXN3,Q9HDB5,,
NRXN3,Q9Y4C0,,
NSA2,O95478,,
NSD1,Q96L73,,
NSD2,O96028,,
NSG1,P42857,,
NT5C2,P49902,,
NT5C3A,Q9H0P0,,
NTN1,O95631,,
NTRK1,P04629,,
NTRK2,Q16620,,
NTRK3,Q16288,,
NTS,P30990,,
NUCB1,Q02818,,
NUCB2,P80303,,
NUDT6,P53370,,
NUP62,P37198,,
NUPR1,O60356,,
NUS1,Q96E22,,
NUTF2,P61970,,
OAS1,P00973,,
OAS3,Q9Y6K5,,
OASL,Q15646,,
OCA2,Q04671,,
OFD1,O75665,,
OGA,O60502,,
OGG1,O15527,,
OGN,P20774,,
OGT,O15294,,
OLFM4,Q6UX06,,
OLIG1,Q8TAK6,,
OLIG2,Q13516,,
OLR1,P78380,,
OMG,P23515,,
ONECUT1,Q9UBC0,,
OPA1,O60313,,
OPN1MW,P04001,,
OPN1MW2,P0DN77,,
OPN1MW3,P0DN78,,
OPN1SW,P03999,,
OPN4,Q9UHM6,,
OPRM1,P35372,,
OR10A4,Q9H209,,
OR2AG1,Q9H205,,
ORAI1,Q96D31,,
OSBPL1A,Q9BXW6,,
OSBPL3,Q9H4L5,,
OSBPL7,Q9BZF2,,
OSBPL8,Q9BZF1,,
OSM,P13725,,
OXCT1,P55809,,
OXER1,Q8TDS5,,
P2RX1,P51575,,
P2RX2,Q9UBL9,,
P2RX3,P56373,,
P2RX4,Q99571,,
P2RX5,Q93086,,
P2RX6,O15547,,
P2RX7,Q99572,,
P2RY1,P47900,,
P2RY12,Q9H244,,
P2RY2,P41231,,
P4HB,P07237,,
PABPC4,Q13310,,
PADI1,Q9ULC6,,
PADI4,Q9UM07,,
PAEP,P09466,,
PAGE1,O75459,,
PAK1,Q13153,,
PAK1,Q16512,,
PALD1,Q9ULE6,,
PALLD,Q8WX93,,
PAM,O75592,,
PAM,P19021,,
PANX1,Q96RD7,,
PAPPA,Q13219,,
PAPSS2,O95340,,
PARL,Q9H300,,
PARP1,P09874,,
PAWR,Q96IZ0,,
PAX4,O43316,,
PAX6,P26367,,
PBX4,Q9BYU1,,
PC,P11498,,
PCARE,A6NGG8,,
PCBD1,P61457,,
PCDH8,O95206,,
PCK1,P35558,,
PCK2,Q16822,,
PCLO,Q9Y6V0,,
PCNA,P12004,,
PCNT,O95613,,
PCNX2,A6NKB5,,
PCOLCE,Q15113,,
PCOLCE2,Q9UKZ9,,
PCSK1,P29120,,
PCSK2,P16519,,
PCSK6,P29122,,
PCSK7,Q16549,,
PCSK9,Q8NBP7,,
PCYT1A,P49585,,
PDAP1,Q13442,,
PDC,P20941,,
PDCD1,Q15116,,
PDE3B,Q13370,,
PDE4D,Q08499,,
PDE5A,O76074,,
PDE6A,P16499,,
PDE6B,P35913,,
PDE6G,P18545,,
PDGFB,P01127,,
PDGFRB,P09619,,
PDHB,P11177,,
PDIA2,Q13087,,
PDIK1L,Q8N165,,
PDILT,Q8N807,,
PDK2,Q15119,,
PDK4,Q16654,,
PDLIM3,Q53GG5,,
PDLIM5,Q96HC4,,
PDSS2,Q86YH6,,
"PDHX,PDX1",O00330,,
PDX1,P52945,,
PEA15,Q15121,,
PECAM1,P16284,,
PEG3,Q9GZU2,,
PELI1,Q96FA3,,
PELO,Q9BRX2,,
PEMT,Q9UBM1,,
PEPD,P12955,,
PER1,O15534,,
PER2,O15055,,
PER3,P56645,,
PERCC1,A0A1W2PR82,,
PES1,O00541,,
PEX10,O60683,,
PEX16,Q9Y5Y5,,
PEX5L,Q8IYB4,,
PFDN2,Q9UHV9,,
PFKFB2,O60825,,
PFKFB3,Q16875,,
PFKM,P08237,,
PGC,P20142,,
PGF,P49763,,
PGM1,P36871,,
PGP,A6NDG6,,
PGR,P06401,,
PHB,P35232,,
PHF6,Q8IWS0,,
PHLPP1,O60346,,
PHOSPHO1,Q8TCT1,,
PHOX2A,O14813,,
PIAS1,O75925,,
PICALM,Q13492,,
PIEZO2,Q9H5I5,,
PIFO,Q8TCI5,,
PIK3C2A,O00443,,
PIK3C2G,O75747,,
PIK3C3,Q8NEB9,,
PIK3CA,P42336,,
PIK3CB,P42338,,
PIK3CD,O00329,,
PIK3CG,P48736,,
PIK3R1,P27986,,
PIM3,Q86V86,,
PIN1,Q13526,,
PINK1,Q9BXM7,,
PINX1,Q96BK5,,
PITPNC1,Q9UKF7,,
PITPNM2,Q9BZ72,,
PIWIL1,Q96J94,,
PIWIL4,Q7Z3Z4,,
PKD1,P98161,,
PKLR,P30613,,
PKM,P14618,,
PKNOX1,P55347,,
PLA2G10,O15496,,
PLA2G1B,P04054,,
PLA2G2A,P14555,,
PLA2G4A,P47712,,
PLA2G6,O60733,,
PLA2G7,Q13093,,
PLAG1,Q6DJT9,,
PLAGL1,Q9UM63,,
PLAT,P00750,,
PLCB3,Q01970,,
PLCD1,P51178,,
PLCG1,P19174,,
PLD1,Q13393,,
PLEK,P08567,,
PLEKHA1,Q9HB21,,
PLEKHG5,O94827,,
PLG,P00747,,
PLIN1,O60240,,
PLIN2,Q99541,,
PLIN5,Q00G26,,
PLK1,P53350,,
PLN,P26678,,
PLTP,P55058,,
PLXNA2,O75051,,
PMAIP1,Q13794,,
PML,P29590,,
PMM2,O15305,,
PNLIP,P16233,,
PNPLA2,Q96AD5,,
PNPLA3,Q9NST1,,
PNPLA6,Q8IY17,,
POC5,Q8NA72,,
PODXL,O00592,,
POLDIP2,Q9Y2S7,,
POLR3A,O14802,,
POMC,P01189,,
POMGNT1,Q8WZA1,,
PON1,P27169,,
PON2,Q15165,,
POR,P16435,,
POSTN,Q15063,,
POTEKP,Q9BYX7,,
POTEM,A6NI47,,
POU2F1,P14859,,
POU2F2,P09086,,
POU2F3,Q9UKI9,,
POU3F1,Q03052,,
POU5F1,Q01860,,
PPARA,Q07869,,
PPARD,Q03181,,
PPARG,P37231,,
PPARGC1A,Q9UBK2,,
PPARGC1B,Q86YN6,,
PPIA,P62937,,
PPIG,Q13427,,
PPIL6,Q8IXY8,,
PPM1K,Q8N3J5,,
PPP1R13L,Q8WUF5,,
PPP1R1B,Q9UD71,,
PPP1R2,P41236,,
PPP1R3A,Q16821,,
PPP1R3B,Q86XI6,,
PPP1R3C,Q9UQK1,,
PPP2CA,P67775,,
PPP2R2C,Q9Y2T4,,
PRC1,O43663,,
PRCD,Q00LT1,,
PRDM16,Q9HAZ2,,
PRDM6,Q9NQX0,,
PRDX1,Q06830,,
PRDX2,P32119,,
PREB,Q9HCU5,,
PREX1,Q8TCU6,,
PRIM2,P49643,,
PRKAA1,Q13131,,
PRKAA2,P54646,,
PRKAB1,Q9Y478,,
PRKAB2,O43741,,
PRKAG2,Q9UGJ0,,
PRKAR1A,P10644,,
PRKCA,P17252,,
PRKCB,P05771,,
PRKCD,Q05655,,
PRKCE,Q02156,,
PRKCI,P41743,,
PRKCZ,Q05513,,
"PKD1,PRKD1",Q15139,,
PRKG1,Q13976,,
PRKN,O60260,,
PRL,P01236,,
"PBX1,PRL",P40424,,
PRMT1,Q99873,,
PROCR,Q9UNN8,,
PROK2,Q9HC23,,
PROM1,O43490,,
PROS1,P07225,,
PROX1,Q92786,,
PRPF3,O43395,,
PRPF31,Q8WWY3,,
PRPF4,O43172,,
PRPF6,O94906,,
PRPF8,Q6P2Q9,,
PRPH2,P23942,,
PRR5L,Q6MZQ0,,
PRRC2A,P48634,,
PRRT2,Q7Z6L0,,
PRRX1,P54821,,
PRSS55,Q6UWB4,,
PRTN3,P24158,,
PSAT1,Q9Y617,,
PSD3,Q9NYI0,,
PSEN1,P49768,,
PSG2,P11465,,
PSMA6,P60900,,
PSMA7,O14818,,
PSMB6,P28072,,
PSMD2,Q13200,,
PSMD3,O43242,,
PSMD6,Q15008,,
PSMD9,O00233,,
PTAFR,P25105,,
PTBP1,P26599,,
PTF1A,Q7RTS3,,
PTGDR2,Q9Y5Y4,,
PTGDS,P41222,,
PTGER3,P43115,,
PTGES2,Q9H7Z7,,
PTGFRN,Q9P2B2,,
"COX2,PTGS2",P35354,,
PTH,P01270,,
PTH1R,Q03431,,
PTK2B,Q14289,,
PTMA,P06454,,
PTPA,P18433,,
PTPA,Q15257,,
PTPN1,P18031,,
PTPN11,Q06124,,
PTPN2,P17706,,
PTPN22,Q9Y2R2,,
PTPN23,Q9H3S7,,
PTPN4,P29074,,
PTPN5,P54829,,
PTPN6,P29350,,
PTPN9,P43378,,
PTPRB,P23467,,
PTPRC,P08575,,
PTPRD,P23468,,
PTPRF,P10586,,
PTPRN,Q16849,,
PTPRN2,Q92932,,
PTPRS,Q13332,,
PTPRT,O14522,,
PTPRU,Q92729,,
PTX3,O75364,,
PTX3,P26022,,
PURG,Q9UJV8,,
PVALB,P20472,,
PYCARD,Q9ULZ3,,
PYGB,P11216,,
PYY,P10082,,
QRSL1,Q9H0R6,,
R3HDML,Q9H3Y0,,
RAB11A,P62491,,
RAB14,P61106,,
RAB18,Q9NP72,,
RAB27A,P51159,,
RAB3GAP1,Q15042,,
RAB4A,P20338,,
RAB5B,P61020,,
RAC1,P63000,,
RAD1,O60671,,
RAG1,P15918,,
RAI1,Q7Z5J4,,
RALY,Q9UKM9,,
RAMP2,O60895,,
RANGAP1,P46060,,
RAPGEF1,Q13905,,
RAPGEF5,Q92565,,
RAPSN,Q13702,,
RARB,P10826,,
RARRES2,Q99969,,
RASD1,Q9Y272,,
RASGRP1,O95267,,
RBM14,Q96PK6,,
RBM19,Q9Y4C8,,
RBM45,Q8IUH3,,
RBM6,P78332,,
RBMS1,P29558,,
RBP3,P10745,,
RBP4,P02753,,
RBPJ,Q06330,,
RBPJL,Q9UBG7,,
RCAN1,P53805,,
RCBTB1,Q8NDN9,,
RCN2,Q14257,,
RDH12,Q96NR8,,
REEP6,Q96HR9,,
REG1A,P05451,,
REG1B,P48304,,
REG3A,Q06141,,
REL,Q04864,,
RELA,Q04206,,
RELN,P78509,,
REM1,O75628,,
REN,P00797,,
REN,Q693B1,,
RENBP,P51606,,
RETN,Q9HD89,,
REV3L,O60673,,
RFC1,P35251,,
"FLOT1,RFC1",P41440,,
RFC2,P35250,,
RFLNA,Q6ZTI6,,
RFX6,Q8HWS3,,
RFX7,Q2KHR2,,
RGCC,Q9H4X1,,
RGR,P47804,,
RGR,Q8IZJ4,,
RGS13,O14921,,
RGS13,Q9NS28,,
RGS7,P49802,,
RHO,P08100,,
RHOA,P61586,,
RHOBTB1,O94844,,
RHOD,O00212,,
RHOT1,Q8IXI2,,
RIPK2,O43353,,
RIT2,Q99578,,
RLBP1,P12271,,
RMC1,Q96DM3,,
RNASEK,Q6P5S7,,
RND3,P61587,,
RNF10,Q8N5U6,,
RNF19A,Q9NV58,,
RNF6,Q9Y252,,
RNH1,O60930,,
RNH1,P13489,,
RNLS,Q5VYX0,,
RNPC3,Q96LT9,,
ROBO4,Q8WZ75,,
ROCK1,Q13464,,
ROM1,Q03395,,
ROMO1,P60602,,
RORB,Q92753,,
RORC,P51449,,
ROS1,P08922,,
RP1,P49842,,
RP1,P56715,,
RP1,Q15555,,
RP2,O75695,,
RP9,Q8TA86,,
RPE,Q96AT9,,
RPE65,Q16518,,
RPGR,Q92834,,
RPGRIP1L,Q68CZ1,,
RPL14,P50914,,
RPL29,P47914,,
RPN2,P04844,,
RPS19,P39019,,
RPS6KA2,Q15349,,
RPS6KA3,P51812,,
RPS6KB1,P23443,,
RRAD,P55042,,
RRAS,P10301,,
RREB1,Q92766,,
RTN1,Q16799,,
RTN4RL1,Q86UN2,,
RUNX1,Q01196,,
RUNX2,Q13950,,
RUNX3,Q13761,,
RXRA,P19793,,
RXRG,P48443,,
RYR2,Q92736,,
S100A12,P80511,,
S100A4,P26447,,
S100A6,P06703,,
S100A8,P05109,,
S100A9,P06702,,
S100B,P04271,,
SAA1,P0DJI8,,
SAA2,P0DJI9,,
SACM1L,Q9NTJ5,,
SAG,P10523,,
SAG,Q9UBF6,,
SAGE1,Q9NXZ1,,
SAMD12,Q8N8I0,,
SAMM50,Q9Y512,,
SARDH,Q9UL12,,
SART3,Q15020,,
SAT1,P21673,,
SAT1,Q9H2B4,,
"NAT2,SAT1",Q9H2H9,,
SBNO1,A3KN83,,
SBNO2,Q9Y2G9,,
SCAPER,Q9BY12,,
SCARB1,Q8WTV0,,
SCD,O00767,,
SCD5,Q86SK9,,
SCGB1A1,P11684,,
SCGN,O76038,,
SCLY,Q96I15,,
SCN1B,Q07699,,
SCN2A,Q99250,,
SCN7A,Q01118,,
SCN8A,Q9UQD0,,
SCO1,O75880,,
SCO2,O43819,,
SCTR,P47872,,
SDC1,P18827,,
SDC2,P34741,,
SDF2L1,Q9HCN8,,
SDHA,P31040,,
SDHAF4,Q5VUM1,,
SEC14L2,O76054,,
SELE,P16581,,
SELENBP1,Q13228,,
SELENOS,Q9BQE4,,
SELL,P14151,,
SELP,P16109,,
"SELENOP,SELP",P49908,,
SELPLG,Q14242,,
SEMA3A,Q14563,,
SEMA4A,Q9H3S1,,
SEMA6A,Q9H2E6,,
SENP2,Q9HC62,,
SEPTIN1,Q8WYJ6,,
SEPTIN5,Q99719,,
SERP1,Q9Y6X1,,
SERPINA1,P01009,,
SERPINA12,Q8IW75,,
SERPINA3,P01011,,
SERPINA5,P05154,,
SERPINB2,P05120,,
SERPINB6,P35237,,
SERPINC1,P01008,,
SERPINE1,P05121,,
SERPINE2,P07093,,
SERPINF1,P36955,,
SERPINF2,P08697,,
SERPING1,P05155,,
SESN1,Q9Y6P5,,
SESN2,P58004,,
SESN3,P58005,,
SETD7,Q8WTS6,,
SETDB2,Q96T68,,
"NR5A1,SF1",Q13285,,
SF1,Q15637,,
SFI1,A8K8P3,,
SFN,P31947,,
SFN,Q9Y3B8,,
SFRP4,Q6FHJ7,,
SFRP5,Q5T4F7,,
SFTPD,P35247,,
SFXN1,Q9H9B4,,
SGCD,Q92629,,
SGCG,Q13326,,
SGK1,O00141,,
SGMS1,Q86VZ5,,
SGMS2,Q8NHU3,,
SGSM2,O43147,,
SGSM3,Q96HU1,,
SH2B1,Q9NRF2,,
SH2B3,Q9UQQ2,,
SH2D1A,O60880,,
SHBG,P04278,,
SHC1,P29353,,
SHC3,Q92529,,
SI,P14410,,
SIGLEC1,Q9BZZ2,,
SIGLEC5,O15389,,
SIGLEC7,Q9Y286,,
SIGMAR1,Q99720,,
SIK1,P57059,,
SIK2,Q9H0K1,,
SINHCAF,Q9NP50,,
SIRT1,Q96EB6,,
SIRT2,Q8IXJ6,,
SIRT3,Q9NTG7,,
SIRT4,Q9Y6E7,,
SIRT5,Q9NXA8,,
SIRT6,Q8N6T7,,
SIT1,Q9Y3P8,,
SIX3,O95343,,
SKA1,Q96BD8,,
SKIL,P12757,,
SKP2,Q13309,,
SLAMF1,Q13291,,
SLBP,Q14493,,
SLC10A2,Q12908,,
SLC11A2,P49281,,
SLC12A3,P55017,,
SLC12A9,Q9BXP2,,
SLC14A2,Q15849,,
SLC16A1,P53985,,
SLC16A11,Q8NCK7,,
SLC16A13,Q7RTY0,,
SLC16A7,O60669,,
SLC17A3,O00476,,
SLC17A5,Q9NRA2,,
SLC17A9,Q9BYT1,,
SLC18A2,Q05940,,
SLC19A2,O60779,,
SLC1A2,P43004,,
SLC1A5,Q15758,,
SLC1A7,O00341,,
SLC22A1,O15245,,
SLC22A12,Q96S37,,
SLC22A16,Q86VW1,,
SLC22A2,O15244,,
SLC22A3,O75751,,
SLC25A19,Q9HC21,,
SLC25A20,O43772,,
SLC25A3,Q00325,,
SLC26A9,Q7LBE3,,
SLC27A1,Q6PCB7,,
SLC27A4,Q6P1M0,,
SLC27A6,Q9Y2P4,,
SLC29A4,Q7RTT9,,
SLC2A1,P11166,,
SLC2A10,O95528,,
SLC2A11,Q9BYW1,,
SLC2A12,Q8TD20,,
SLC2A2,P11168,,
SLC2A3,P11169,,
SLC2A4,P14672,,
SLC2A5,P22732,,
SLC2A8,Q9NY64,,
SLC2A9,Q9NRM0,,
SLC30A1,Q9Y6M5,,
SLC30A10,Q6XR72,,
SLC30A5,Q8TAD4,,
SLC30A6,Q6NXT4,,
SLC30A7,Q8NEW0,,
SLC30A8,Q8IWU4,,
SLC33A1,O00400,,
SLC35A1,P78382,,
SLC35B3,Q9H1N7,,
SLC35G1,Q2M3R5,,
SLC38A2,Q96QD8,,
SLC39A1,Q9NY26,,
SLC39A10,Q9ULF5,,
SLC39A12,Q504Y0,,
SLC39A3,Q9BRY0,,
SLC39A6,Q13433,,
SLC39A7,Q92504,,
SLC40A1,Q9NP59,,
SLC41A1,Q8IVJ1,,
SLC41A2,Q96JW4,,
SLC46A1,Q96NT5,,
SLC47A1,Q96FL8,,
SLC50A1,Q9BRV3,,
SLC52A1,Q9NWF4,,
SLC52A2,Q9HAB3,,
SLC5A1,P13866,,
SLC5A2,P31639,,
SLC5A5,Q92911,,
SLC6A2,P23975,,
"SIT1,SLC6A20",Q9NP91,,
SLC6A4,P31645,,
SLC6A8,P48029,,
SLC7A14,Q8TBB6,,
SLC8A1,P32418,,
SLC9A1,P19634,,
SLC9A3,P48764,,
SLC9B2,Q86UD5,,
SLC9C1,Q4G0N8,,
SLCO1A2,P46721,,
SLCO1B1,Q9Y6L6,,
SLCO1B3,Q9NPD5,,
SLCO2B1,O94956,,
SLCO4C1,Q6ZQN7,,
SLCO6A1,Q86UG4,,
SLMAP,Q14BN4,,
SLPI,P03973,,
SMAD1,Q15797,,
SMAD2,Q15796,,
SMAD3,P84022,,
SMAD4,Q13485,,
SMAD5,Q99717,,
SMAD7,O15105,,
SMARCAD1,Q9H4L7,,
SMCP,P49901,,
SMPD1,P17405,,
SMUG1,Q53HV7,,
SNAP23,O00161,,
SNAP25,P60880,,
SNCA,P37840,,
SND1,Q7KZF4,,
SNRNP200,O75643,,
SNRNP70,P08621,,
SNX7,Q9UNH6,,
"ACAT1,SOAT1",P35610,,
SOCS1,O15524,,
SOCS2,O14508,,
SOCS3,O14543,,
SOD1,P00441,,
SOD2,P04179,,
SOD3,P08294,,
SORBS1,Q9BX66,,
SORCS1,Q8WY21,,
SORD,Q00796,,
SORL1,Q92673,,
SORT1,Q99523,,
SOST,Q9BQB4,,
SOX13,Q9UN79,,
SOX2,P48431,,
SOX4,Q06945,,
SOX5,P35711,,
SOX6,P35712,,
"KLF14,SP6",Q3SY56,,
SPARC,P09486,,
SPATA7,Q9P0W8,,
SPESP1,Q6UW49,,
SPG7,Q9UQ90,,
SPHK1,Q9NYA1,,
SPHK2,Q9NRA0,,
SPHKAP,Q2M3C7,,
SPIC,Q8N5J4,,
SPINK1,P00995,,
SPINK4,O60575,,
SPON1,Q9HCB6,,
SPON2,Q9BUD6,,
SPP1,P10451,,
SPP1,Q9BX95,,
SPPL3,Q8TCT6,,
SPRR2A,P35326,,
SPRY2,O43597,,
SPTBN4,Q9H254,,
SPTLC1,O15269,,
SPX,Q9BT56,,
SPZ1,Q9BXG8,,
SQSTM1,Q13501,,
SRBD1,Q8N5C6,,
SRC,P12931,,
SRD5A1,P18405,,
SRD5A2,P31213,,
SREBF1,P36956,,
SREBF2,Q12772,,
SRGN,P10124,,
SRI,P30626,,
SRL,Q86TD4,,
SRR,Q9GZT4,,
SRSF5,Q13243,,
SSR1,P43307,,
SST,P61278,,
SSTR2,P30874,,
SSTR4,P31391,,
SSTR5,P35346,,
ST13,P50502,,
ST3GAL3,Q11203,,
ST3GAL4,Q11206,,
ST6GAL1,P15907,,
ST6GALNAC3,Q8NDV1,,
ST8SIA4,Q92187,,
STAM2,O75886,,
STAP2,Q9UGK3,,
STAR,P25092,,
STAR,P49675,,
STARD10,Q9Y365,,
STARD9,Q9P2P6,,
STAT3,P40763,,
STAT4,Q14765,,
STAT5A,P42229,,
STAT5B,P51692,,
STC1,P52823,,
STEAP4,Q687X5,,
STIM1,Q13586,,
STK11,Q15831,,
STK38,Q15208,,
STMN1,P16949,,
STN1,Q9H668,,
STN1,Q9Y6Q2,,
STRA6,Q9BX79,,
STS,P08842,,
STUB1,Q9UNE7,,
STX1A,Q16623,,
STX4,Q12846,,
STX5,Q13190,,
STX8,Q9UNK0,,
STXBP3,O00186,,
STXBP5L,Q9Y2K9,,
SUCLA2,Q9P2R7,,
SUCNR1,Q9BXA5,,
SUGP1,Q8IWZ8,,
SULF2,Q8IWU5,,
SULT1E1,P49888,,
SUMO4,Q6EEV6,,
SYNE1,Q8NF91,,
SYT1,P21579,,
SYT11,Q9BT88,,
SYT4,Q9H2B2,,
TAAR1,Q96RJ0,,
TAC1,P20366,,
TAC3,Q9UHF0,,
TACR3,P29371,,
TADA1,Q96BN2,,
TADA2A,O75478,,
TAF1,P21675,,
TAF1C,Q15572,,
TAFA5,Q7Z5A7,,
TAL1,P17542,,
TAPBP,O15533,,
TAS1R2,Q8TE23,,
TAS1R3,Q7RTX0,,
TAS2R13,Q9NYV9,,
TBC1D1,Q86TI0,,
TBC1D4,O60343,,
TBC1D9,Q6ZT07,,
TBK1,Q9UHD2,,
TBL2,Q9Y4P3,,
TBX21,Q9UL17,,
TCF19,Q9Y242,,
TCF4,P15884,,
TCF7,P36402,,
"TCF4,TCF7L2",Q9NQB0,,
TCHHL1,Q5QJ38,,
TCIRG1,Q13488,,
TCP1,P17987,,
TEK,Q02763,,
TENM4,Q6N022,,
"PTEN,TEP1",P60484,,
TEP1,Q99973,,
TERF1,P54274,,
TERF2,Q15554,,
TERF2IP,Q9NYB0,,
TERT,O14746,,
TET2,Q6N021,,
TET3,O43151,,
TEX14,Q8IWB6,,
TF,P02787,,
TFAM,Q00059,,
TFAP2A,P05549,,
TFAP2B,Q92481,,
TFB1M,Q8WVM0,,
TFEB,P19484,,
TFPI,P10646,,
TFRC,P02786,,
TGFA,P01135,,
TGFB1,P01137,,
TGFB2,P61812,,
TGFBI,Q15582,,
TGFBR2,P37173,,
TGFBR3,Q03167,,
TGFBRAP1,Q8WUH2,,
TGM2,P21980,,
TH,P07101,,
THADA,Q6YHU6,,
THBD,P07204,,
THBS1,P07996,,
THBS2,P35442,,
THBS4,P35443,,
THEM4,Q5T1C6,,
THRAP3,Q9Y2W1,,
THSD4,Q6ZMP0,,
TIAM1,Q13009,,
TIMD4,Q96H15,,
TIMM44,O43615,,
TIMM8A,O60220,,
TIMP1,P01033,,
TIMP2,P16035,,
TIMP3,P35625,,
TIRAP,P58753,,
TJP1,Q07157,,
TJP2,Q9UDY2,,
TKFC,Q3LXA3,,
TKT,P29401,,
TKT,Q16832,,
TLE1,Q04724,,
TLE3,Q04726,,
TLL1,O43897,,
TLR1,Q15399,,
TLR10,Q9BXR5,,
TLR2,O60603,,
TLR3,O15455,,
TLR4,O00206,,
TLR5,O60602,,
TLR7,Q9NYK1,,
TLR9,Q9NR96,,
TM6SF2,Q9BZW4,,
TM7SF2,O76062,,
TMBIM4,Q9HC24,,
TMEM11,P17152,,
TMEM132A,Q24JP5,,
TMEM154,Q6P9G4,,
TMEM155,Q4W5P6,,
TMEM163,Q8TC26,,
TMEM18,Q96B42,,
TMPRSS11D,O60235,,
TMPRSS15,P98073,,
TMPRSS6,Q8IU80,,
TNF,P01375,,
TNFAIP3,P21580,,
TNFAIP6,P98066,,
TNFAIP8L2,Q6P589,,
TNFRSF11A,Q9Y6Q6,,
TNFRSF11B,O00300,,
TNFRSF12A,Q9NP84,,
TNFRSF14,Q92956,,
TNFRSF18,Q9Y5U5,,
TNFRSF1A,P19438,,
TNFRSF1B,P20333,,
TNFRSF25,Q93038,,
TNFRSF4,P43489,,
TNFRSF9,Q07011,,
TNFSF10,P50591,,
TNFSF11,O14788,,
TNFSF12,O43508,,
TNFSF14,O43557,,
TNKS2,Q9H2K2,,
TNMD,Q9H2S6,,
TOMM40,O96008,,
TOMM5,Q8N4H5,,
TOP1,P11387,,
TOP2A,P11388,,
TOPORS,Q9NS56,,
TOX,O94900,,
TP53,P04637,,
TP53INP1,Q96A56,,
TPCN2,Q8NHX9,,
TPD52,P55327,,
TPM1,P09493,,
TPM4,P67936,,
TPO,P07202,,
TPPP2,P59282,,
TPRG1L,Q5T0D9,,
TRAF3,Q13114,,
TRAF6,Q9Y4K3,,
TRAM1,Q15629,,
TRAM1,Q9Y6Q9,,
TRBV7-8,A0A1B0GX51,,
TRDN,Q13061,,
TREH,O43280,,
TREM2,Q9NZC2,,
TRH,P20396,,
TRIB3,Q96RU7,,
TRIM13,O60858,,
TRIM47,Q96LD4,,
TRIM72,Q6ZMU5,,
TRIOBP,Q9H2D6,,
TRMT10A,Q8TBZ6,,
TRPA1,O75762,,
TRPC1,P48995,,
TRPC6,Q9Y210,,
TRPM1,Q7Z4N2,,
TRPM2,O94759,,
TRPM4,Q8TD43,,
TRPM5,Q9NZQ8,,
TRPM6,Q9BX84,,
TRPM7,Q96QT4,,
TRPV1,Q8NER1,,
TSBP1,Q5SRN2,,
TSC22D1,Q15714,,
TSEN2,Q8NCE0,,
TSHZ1,Q6ZSZ6,,
TSHZ3,Q63HK5,,
TSPAN3,O60637,,
TSPAN31,Q12999,,
TSPAN8,P19075,,
TSPO,B1AH88,,
TSPO,P30536,,
TST,Q16762,,
TTC28,Q96AY4,,
TTC39C,Q8N584,,
TTC8,Q8TAM2,,
TTLL6,Q8N841,,
TTLL8,A6PVC2,,
TTN,Q8WZ42,,
TTR,P02766,,
TUB,P50607,,
TUBB4B,P68371,,
TULP1,O00294,,
TXN,P10599,,
TXN2,Q99757,,
TXNIP,Q9H3M7,,
TXNL4B,Q9NX01,,
TXNRD1,Q16881,,
TXNRD2,Q9NNW7,,
TXNRD3,Q86VQ6,,
TYK2,P29597,,
TYMP,P19971,,
TYROBP,O43914,,
UBAP2,Q5T6F2,,
UBASH3B,Q8TF42,,
UBE2B,P63146,,
UBE2E2,Q96LR5,,
UBE2O,Q9C0C9,,
UBE2Z,Q9H832,,
UBE3C,Q15386,,
UBL5,Q9BZL1,,
UCHL1,P09936,,
UCN2,Q96RP3,,
UCN3,Q969E3,,
UCP1,P25874,,
UCP2,P55851,,
UCP3,P55916,,
UGCG,Q16739,,
UGGT2,Q9NYU1,,
UGT1A1,P22309,,
UGT1A10,Q9HAW8,,
UGT1A3,P35503,,
UGT1A4,P22310,,
UGT1A5,P35504,,
UGT1A6,P19224,,
UGT1A7,Q9HAW7,,
UGT1A8,Q9HAW9,,
UGT1A9,O60656,,
UGT2B15,P54855,,
UMOD,P07911,,
UNC13B,O14795,,
UNC5B,Q8IZJ1,,
UNC5D,Q6UXZ4,,
UPK2,O00526,,
UPP2,O95045,,
USE1,Q9NZ43,,
USF1,P22415,,
USH2A,O75445,,
USP14,P54578,,
USP16,Q9Y5T5,,
USP2,O75604,,
USP3,Q9Y6I4,,
USP36,Q9P275,,
USP37,Q86T82,,
USP48,Q86UV5,,
UTRN,P46939,,
UTS2,O95399,,
UTS2R,Q9UKP6,,
UVSSA,Q2YD98,,
VAMP4,O75379,,
VAMP8,Q9BV40,,
VASH1,Q7L8A9,,
VCAM1,P19320,,
VDAC1,P21796,,
VDR,P11473,,
VEGFA,P15692,,
VEGFB,P49765,,
VEGFC,P49767,,
VIM,P08670,,
VIP,P01282,,
VIPR1,P32241,,
VKORC1,Q9BQB6,,
VLDLR,P98155,,
VN1R17P,Q8TDU5,,
VPREB1,P12018,,
VPS13C,Q709C8,,
VPS26A,O75436,,
VPS33B,Q9H267,,
VPS35,Q96QK1,,
VPS51,Q9UID3,,
VSNL1,P62760,,
VTN,P04004,,
VWF,P04275,,
WAC,Q9BTA9,,
WARS1,P23381,,
WARS2,Q9UGM6,,
WASF3,Q9UPY6,,
WASH6P,Q9NQA3,,
WASHC1,A8K0Z3,,
WDR13,Q9H1Z4,,
WDR72,Q3MJ13,,
WFS1,O76024,,
WNK1,Q9H4A3,,
WNK4,Q96J92,,
WNT3A,P56704,,
WNT5A,P41221,,
WNT5B,Q9H1J7,,
WRN,Q14191,,
WSCD2,Q2TBF2,,
WTAP,Q15007,,
WWOX,Q9NZC7,,
XBP1,P17861,,
XCL1,P47992,,
XDH,P47989,,
XPO5,Q9HAV4,,
XPR1,Q9UBH6,,
XRCC1,P18887,,
XRCC4,Q13426,,
XYLT1,Q86Y38,,
XYLT2,Q9H1B5,,
YBX1,P67809,,
YKT6,O15498,,
YTHDC2,Q9H6S0,,
YWHAG,P61981,,
YY1,P25490,,
ZACN,Q401N2,,
ZBED1,O96006,,
ZBED3,Q96IU2,,
ZBTB7C,A1YPR0,,
ZC3HC1,Q86WB0,,
ZC4H2,Q9NQZ6,,
ZFAND3,Q9H8U3,,
ZFAND6,Q6FIF0,,
ZFP36,P16415,,
ZFP36,P26651,,
ZFP69,Q49AA0,,
ZFPM2,Q8WW38,,
ZGLP1,P0C6A0,,
ZGPAT,Q8N5A5,,
ZHX3,Q9H4I2,,
ZIC1,Q15915,,
ZMIZ1,Q9ULJ6,,
ZMPSTE24,O75844,,
ZMYND8,Q9ULU4,,
ZNF101,Q8IZC7,,
ZNF236,Q9UL36,,
ZNF239,Q16600,,
ZNF257,Q9Y2Q1,,
ZNF34,Q8IZ26,,
ZNF408,Q9H9D4,,
ZNF410,Q86VK4,,
ZNF469,Q96JG9,,
ZNF513,Q8N8E2,,
ZNF775,Q96BV0,,
ZPR1,O75312,,
ZRANB3,Q5FWF4,,
ZSCAN20,P17040,,
ZSWIM3,Q96MP5,,
ZZEF1,O43149,,
